app_id,review
com.gameloft.android.ANMP.GloftA8HM,"It's a great game, great racing experience, takes time to master, and lots of fun once you get good, fast cars. The only problem is that getting good cars can be a long process unless you're willing to spend real money, and even then, there's a lot of grinding involved in order to obtain currency and get what you want"
com.gameloft.android.ANMP.GloftA8HM,"This game is amazing, but after a while of not playing it I came back to see a big difference in the ui, and it just makes everything slower, and also the way there's character animations now just kinda make it feel a bit more like a pubg ad at the end of races somehow, I don't really know what it is"
com.gameloft.android.ANMP.GloftA8HM,"Super fun, and I really appreciate them keeping this updated and active despite there being a newer version. Controls are easy to make comfortable, fun and easy to play on both PC and mobile, relatively realistic with stats and physics to my knowledge. An interesting variety of maps and race types,"
com.gameloft.android.ANMP.GloftA8HM,"Excellent game, high frame rate, no play limit, and menus are easy to navigate. I highly recommend this game for casual gamers. Just focus on getting a really fast car, and you will have adrenaline speed fun for hours! I wanted to rate this games 5 stars, but I don't like that alot of the cool cars are so expensive and hard to get"
com.gameloft.android.ANMP.GloftA8HM,"Overall, this game is really well designed. The graphics are very realisitic and I love how you made Credits that are just like Coins. Maybe make some different tracks because it's boring just going on the same tracks. Also, can you make an update where you play like a parkour"
com.gameloft.android.ANMP.GloftA8HM,"It's a a awesome game with an imaginative twist, actual cars with real upgrades makes it that much more enjoyable. So many tracks and bonus features, you can never get bored. The bonus features make it that much more possible to gain position against the feirce composition. Have Fun and don't be afraid"
com.gameloft.android.ANMP.GloftA8HM,"This is one game I've been playing for a while. Very addictive lol! I would give it a solid five stars however, I can do without the freezes. Also it would be great if the timer for the boost didn't start before the race begins and stop after the race ends. It's kind of a rip off that the timer star"
com.gameloft.android.ANMP.GloftA8HM,"With all the new improvements and class rework, I would say this game is worth getting. Its fun, action packed, and an overall amazing game. With it being compatible with keyboard, touch, or controller. I'd say this is pretty cross-platform. I will admit it can be very grinding heavy."
com.gameloft.android.ANMP.GloftA8HM,"Between iOS and android ive been Playing Asphalt 8 for years. I would love to give this a 5 star review, but however cannot. My only issue are the Atrocious ads. I would love to pay for something if it were to permanently remove ads. I reached out to customer service through the app and was told that they cant help me"
com.gameloft.android.ANMP.GloftA8HM,"I used to think this was a good game, now I'm not so sure. For one, its really bad when the only way to get credits is by racing or spending actual money. And that brings me to my second point. When you actual do spend your money, the game will say transaction failed because of poor connection even"
com.gameloft.android.ANMP.GloftA8HM,I played this game a year or two after it's release and it was great but now it's changed for the worse. You used to be able to use bikes in normal campaign which they removed and the new menu interface sucks compared to the old one. The adds used to only be after races now they appear evry 5 minuts
com.gameloft.android.ANMP.GloftA8HM,"The graphics are pretty and the controller support is good. Beyond that this game is not worth anyone's time unless you plan on spending massive amounts of real money. Like most ""progress as you go"" race games, you start out with your typical slow beginner car and are supposed to eventually tune it"
com.gameloft.android.ANMP.GloftA8HM,"I love this game, too much maybe. I don't have any problems with it. Some cars are very expensive, but thats expected from a high graphic racing game, especially the best on the appstore (in my opinion.) It'd be nice if there was a way to drive on the levels with no other racers, for practice"
com.gameloft.android.ANMP.GloftA8HM,"Its fun, but the difficulty needs re-adjusted. There are so many paths to take it gets confusing. Also, I bought the car pack for $5 and the cars it gave me aren't even good... The D-class starting car is way better than my purchased D-class, and I even tuned the purchased car more. I feel ripped of"
com.gameloft.android.ANMP.GloftA8HM,"It's a cool game and it runs smoothly during races but it takes forever to load the rest of the features like modifications, features, and the downloaded content for the quick races. I have a cheep phone running it, though. I don't even have service and I have to run on free WiFi, so it's may be my problem"
com.gameloft.android.ANMP.GloftA8HM,"Great game, though be prepared to set your device down and wait 30 sec after some races in career mode. Watching the ad is optional, but doing so will at least double the credits earned (usually more like 10x or 15x) It is a little bit of a pay-to-win"
com.gameloft.android.ANMP.GloftA8HM,"This game is is good, Very good I like the graphics and the racing. It also has good handling so you can win the race it is kind of hard at the same time because you crash a lot but it is still the best game. Also it could need some upgrades because like sometimes bugs and stuff like that."
com.gameloft.android.ANMP.GloftA8HM,"1 of the best racing games I've played on my phone. Great graphics, control's, spectacular sceneries, fabulous cars to drive fast with and do tricks with. Sometimes there is a little bit of a lag with Multi player load screens, and doing the free videos for items. You guys need to bring back the rest"
com.gameloft.android.ANMP.GloftA8HM,"Asphalt 8 is arcade racing game. It has various maps, modes, cars, and fun gameplay experience. Vehicles fall in different categories depending on what each car can offer. Each vehicle can be upgraded to improve its performance in a race. If you upgraded your vehicles high enough, you can be matched"
com.gameloft.android.ANMP.GloftA8HM,"Way too many ads. The cars are cool, the races are fun, but the interrupting ads every 60 to 90 seconds are too much. Update: they changed it again. The pro upgrades are now virtually impossible for those who don't pay to play. I don't spend much time playing any more. Update 5/2020: updates take forever"
com.gameloft.android.ANMP.GloftA8HM,"This is a perfect balance between pay to win and the complete opposite! The game doesnt force you to need to pay for certain vehicles(although they are expensives). Even then, the game is reliant on your skill and not how fast you go."
com.gameloft.android.ANMP.GloftA8HM,"The game itself is well made with nice graphics, controls and a huge variety of cars. Marketing this game as free to play is nothing more than a blatant lie. I have been playing the game with the same car for about a season and a half because saving up enough in game currency for a new car that is a long proces"
com.gameloft.android.ANMP.GloftA8HM,"The game has great graphics, and the controls on PC are simple to learn. The game doesn't allow you to advance in career pass 10 stars. When you go to commence the race for the Audi R8 Tron the game silent crashes. Also I would say that a great deal of finance is needed to gain more advanced vehicle"
com.gameloft.android.ANMP.GloftA8HM,New multi-player sucks!! I have only won once out of over 5 dozen attempts. Used to win or place 2nd on numerous occasions. The new format makes it impossible. Used to love playing this game...until they added all of the ads that pop up when trying to start a race or navigate to different screens.
com.gameloft.android.ANMP.GloftA8HM,"It's a great game, but it glitches many times throughout my experience. For starters, I can only upgrade a feature for a car (Eg: speed, braking) once, before it tells me I need to check my internet connection, although it's working fine."
com.gameloft.android.ANMP.GloftA8HM,"This was a very cool game but after the Feb. 12 update ruined it. Now the game takes forever to load. After it finally loads, I might be able to play for a very short bit and then the game CRASHES!! It repeatedly crashes when I try to restart the app and now I can't even get into the game!"
com.gameloft.android.ANMP.GloftA8HM,The graphics are great. Starting the game is confusing and lacks information on how to proceed. So much so that I uninstalled the game before completing the setup....I think. It took me to a screen to subscribe but didn't tell me anything except how many other had subscribed.
com.gameloft.android.ANMP.GloftA8HM,"Awesome game but...I don't know if it's my tablet or the game it's self but it keeps crashing. With it still being a very good game it needs a bit of work, instead of giving decals we should be able to customize the cars to our liking. The music needs to be dated, (I like to listen to good music)"
com.gameloft.android.ANMP.GloftA8HM,"DON'T DO IT. THE GAME IS DEAD. I can't describe how bad it is now and it isn't one of those things where you can still have fun once you get serious. Earnings are down, every good or decent thing takes stupid amounts real money, cars and event progress was reset, and ever car requires wayyy too much"
com.gameloft.android.ANMP.GloftA8HM,Yikes I miss the old game. The ads aren't that bad in my opinion because I have seen worse but the true problem is that every single car is insanely overpriced. Some cars are double or triple the amount of credits then they were before. Also the career is unrealistic that you have to get every single car
com.gameloft.android.ANMP.GloftA8HM,"A well rounded racing game. The controls are simple, the races are fun. And for a mobile game, this has some of the best graphics I have seen in a long time. four stars only because of some bugs that cause my car to freeze during a multiplayer race. Which is extrememly annoying"
com.gameloft.android.ANMP.GloftA8HM,"This is probably the best free racing game on the play store. I would even say it's better than most payed racing games. The controls are great with a large selection of styles to pick from, the graphics are stunning for mobile, and it runs really well for how good it looks. Only downside is that progres takes too long"
com.gameloft.android.ANMP.GloftA8HM,"Good racing game, fast paced & exciting. The cars are spot on for a game. More than enough to do, events, daily specials, select car races, multiplayer etc. Get to paint the car or do graphics, tuning in 4 areas & a pro mode tuning. Never the less, A few weeks into the game and without spending real"
com.gameloft.android.ANMP.GloftA8HM,"Cars, good. Play, good. Graphics, good. Sound effects, good. Upgrades were strange/unrealistic (16 tires for a tire upgrade, you only have 4 wheels.) 2 yrs. ago, but I dealt with it, part of getting your money."
com.gameloft.android.ANMP.GloftA8HM,"Such a fun game, but it has so many problems. I use manual acceleration, and the touch zones for the buttons are so small and completely unadjustable that its impossible to get through a race without the game thinking you lifted off the throttle. Also, the controls don't show up until the race actualy begins"
com.gameloft.android.ANMP.GloftA8HM,"Insanely great game. The controls for laptop are super easy to use, and are positioned so there is no scrambling and wrong button pushing cuz the keys are so close together. The graphics are one of the best on Google Play. There is no shortage of content. My few complaints are some technical issues."
com.gameloft.android.ANMP.GloftA8HM,"Really great game. Few things I don't like, is that I wish you could convert tokens into credits, and credits into parts, due to how little credits you earn. I also wish that the cars would do barrel rolls, only when possible. Last thing is I wish that the physics are more realistic"
com.gameloft.android.ANMP.GloftA8HM,"I have been playing and enjoying this game for many years. I have rarely had any problems with this game running on my Samsung S3 tablet. It runs well even at the highest graphics setting. After yesterday's updates however, the game continuously crashes every time that I make any changes in the settings"
com.gameloft.android.ANMP.GloftA8HM,"This is the best free racing game you'll find on the play store at the moment. The graphics are absolutely great, which means you'll need a high end device to play it comfortably. The gameplay is good, but rehashed from asphalt 8 with very few changes. People complain but the P2W aspect isn't as bad"
com.gameloft.android.ANMP.GloftA8HM,"I used to play this game when i was smaller and i loved it. Everything was so much easier, the races, getting credits, buying cars. It was all so much better but the game is still good, it needs to be fixed a small bit just so i dont always have to pay for everything"
com.gameloft.android.ANMP.GloftAGHM,"I love this game! The graphics, the cars, the different types of races, everything is amazing! The only two things I dislike are: So many cars you have pay real money to get, and that after a race it doesn't show you how many coins you got unless you don't want to retry. I really dislike that last thing"
com.gameloft.android.ANMP.GloftAGHM,"The graphics are amazing, and the detail is on point, but what the heck is wrong with the controls?? Every time i steer in a direction, i have no control over the steering. Meaning i cant stop myself from getting into a wreck. Please fix this. Edit: Nevermind, all i had to do was reinstall the app!"
com.gameloft.android.ANMP.GloftAGHM,I used to play this game so much. I got a ton of the expensive cars. I had a ton a fun. But years went by and I couldn't get the account on my old tablet to my first phone. No problem. I thought I would just start playing a ton again. The game is much different. Too many ads.
com.gameloft.android.ANMP.GloftAGHM,"It designed very poorly. The obvious focus was on graphics and as a result The tracks are terribly laid out, the events are not well planned and the overall feel of the game is that the designers didn't care about their project, just the graphics. There are cars where there shouldn't be any"
com.gameloft.android.ANMP.GloftAGHM,"Altho, this game is gr8, in steering n keeping it steady. Its almost similar to Asphalt 9. The upgrade boxes isn't that easy to get, n boxes go for 10000 coins, or u can win them boxes during some missions or if u get promoted to the next level."
com.gameloft.android.ANMP.GloftAGHM,It's a cool racing game but it still is necessary to buy stuff to complete. Not all have money to spend and just to play a game. But it does have very good graphics and easy gameplay. If you do not pay them $$$ tgen you will mysteriously wreck. I was in first and all of a sudden I wrecked.
com.gameloft.android.ANMP.GloftAGHM,"One of the best racing games thus far. A lotta fun with many races and challenges as well as many sports, muscles and exotic road cars to choose, the controls takes a bit of getting use but I like the fact that you can actually drift around the corners and bens if you time it just right"
com.gameloft.android.ANMP.GloftAGHM,"Yes, this IS the racing game you should download! Its compact, offline (online optional), and an adrenaline rush! I've been playing Nitro for years now. Of all the games on my phone and tablets over the years, this game has remained the longest."
com.gameloft.android.ANMP.GloftAGHM,"I have had an amazing experience with this game. I love that it is so similar to the Asphalt series, and that the graphics are still so great for the cars. If you love asphalt, but don't have the storage space, this game is definitely for you. One minor issue, though: I feel like the catch mode is bad"
com.gameloft.android.ANMP.GloftAGHM,"Peace!!!! I can't say just how much I'm liking this game, however; I will say this: I am excited about it. This one is awesome when it comes to having a little fun time.... The graphics and background is just fantastic. And may I say the Steering seems to be a whole lot easier."
com.gameloft.android.ANMP.GloftAGHM,"My first Asphalt experience is Asphalt 8. This game was made before that one so the quality is not as good, less graphical fidelity and harder to do barrel rolls. But the foundation of a fun Asphalt game is still here. It controls well and there is a lot of content. But after a while it gets boring"
com.gameloft.android.ANMP.GloftAGHM,I would give it a 4 star beacause mostly the gameplay is cool and the fact that you can bump into stuff. The graphics are amazing and you can change the angle of the camera. But because is a lot of the cars cost money and theres not that much cars that dont actually cost real money.
com.gameloft.android.ANMP.GloftAGHM,The game is good but the uprades takes me half a year to fully upgraded it. Coz the kit boxes that you buy is exceeded only for. 1 purchase. And that's how your game irretates me. While facing online I encounter with some upgraded cars and I'm always left coz they're car is just too fast.
com.gameloft.android.ANMP.GloftAGHM,What is happening with this game Gameloft I'm very disappointed with this game's performance. When I play it offline then it's running smoothly but when I play it online then it's starting shut down automatically. Why this is happening fix this bug immediately I'm very dissatisfied.
com.gameloft.android.ANMP.GloftAGHM,The game is fun and the graphics are amazing but the thing that does not make sense in the game is that in some levels you have to buy car before you can play that level.and in the setting if you want to change the control of the car to steering if you want to turn the car normally goes opposite.
com.gameloft.android.ANMP.GloftAGHM,"This is a great game and I diffentley recommend it ð.It has good gameplay,but please make the graphics a bit better like the graphics in aspalt 8. I used to have aspalt 8 but deleted it beacuse it would force the player to use real money I am not spending R100,00 for some stubid tokens this game"
com.gameloft.android.ANMP.GloftAGHM,The game is great.it has good graphics forits size.but it needs new maps and new levels and you should remove the specific requirements for completing the level like buying some particular car.and you should be able to customize your car and you should also make the upgrades more easy because we can
com.gameloft.android.ANMP.GloftAGHM,"This is the best racing game ever.Please add more new cars,new race locations, new racing tracks.Please make the graphics more realistic and more beautiful. Sometimes this game gonna closed. Please fix this problem and make this game super fast and smoothly controlled."
com.gameloft.android.ANMP.GloftAGHM,"There is also some problem involved with the ads. If I click to watch an add to double my rewards, they say I have no internet connection. But when I'm about to start a new race the stupid 20 second long add pops out. What is up with that."